[{"fields": {"app_label": "admin", "model": "logentry", "name": "log entry"}, "model": "contenttypes.contenttype", "pk": 35}, {"fields": {"app_label": "auth", "model": "permission", "name": "permission"}, "model": "contenttypes.contenttype", "pk": 36}, {"fields": {"app_label": "auth", "model": "group", "name": "group"}, "model": "contenttypes.contenttype", "pk": 37}, {"fields": {"app_label": "auth", "model": "user", "name": "user"}, "model": "contenttypes.contenttype", "pk": 38}, {"fields": {"app_label": "contenttypes", "model": "contenttype", "name": "content type"}, "model": "contenttypes.contenttype", "pk": 39}, {"fields": {"app_label": "sessions", "model": "session", "name": "session"}, "model": "contenttypes.contenttype", "pk": 40}, {"fields": {"app_label": "core", "model": "sport", "name": "sport"}, "model": "contenttypes.contenttype", "pk": 41}, {"fields": {"app_label": "core", "model": "location", "name": "location"}, "model": "contenttypes.contenttype", "pk": 42}, {"fields": {"app_label": "core", "model": "sportstage", "name": "Sport Stage"}, "model": "contenttypes.contenttype", "pk": 43}, {"fields": {"app_label": "core", "model": "event", "name": "event"}, "model": "contenttypes.contenttype", "pk": 44}, {"fields": {"app_label": "core", "model": "federation", "name": "federation"}, "model": "contenttypes.contenttype", "pk": 45}, {"fields": {"app_label": "core", "model": "contact", "name": "contact"}, "model": "contenttypes.contenttype", "pk": 46}, {"fields": {"app_label": "core", "model": "label", "name": "label"}, "model": "contenttypes.contenttype", "pk": 47}, {"fields": {"app_label": "core", "model": "distancecategory", "name": "Distance Category"}, "model": "contenttypes.contenttype", "pk": 48}, {"fields": {"app_label": "core", "model": "race", "name": "race"}, "model": "contenttypes.contenttype", "pk": 49}, {"fields": {"app_label": "core", "model": "stagedistancespecific", "name": "Stage distance (for a race)"}, "model": "contenttypes.contenttype", "pk": 50}, {"fields": {"app_label": "core", "model": "stagedistancedefault", "name": "Stage distance (default)"}, "model": "contenttypes.contenttype", "pk": 51}, {"fields": {"session_data": "NmVkZDlhYzBiYWZiM2UyNDcyZjk0MjA3MWFkNjU3MDNlZWMwODJiMDp7Il9hdXRoX3VzZXJfaGFzaCI6IjViOTYyMTllZWFlMDg4NzU2ZDE2NGI4NDcwNzcyZTk0M2U4NzZmZmMiLCJfYXV0aF91c2VyX2JhY2tlbmQiOiJkamFuZ28uY29udHJpYi5hdXRoLmJhY2tlbmRzLk1vZGVsQmFja2VuZCIsIl9hdXRoX3VzZXJfaWQiOjN9", "expire_date": "2014-12-30T23:10:23.354Z"}, "model": "sessions.session", "pk": "08kk5m7iq2i9nw4ej2mt3odvlwdjlsw5"}, {"fields": {"session_data": "OTM2NTU2OWZkY2IxODg0ZmFmMmJhMDJkNWMxNDM4YTViYTg4NzI3Nzp7IndpemFyZF9yYWNlX3dpemFyZCI6eyJzdGVwX2ZpbGVzIjp7ImV2ZW50Ijp7fSwicmFjZSI6e319LCJzdGVwX2RhdGEiOnsiZXZlbnQiOnsiY3NyZm1pZGRsZXdhcmV0b2tlbiI6WyJkTlE3V2RxVlZGNGswQk5NMkZFVHoyQnFpT0VCczY5TiJdLCJldmVudC13ZWJzaXRlIjpbImh0dHA6Ly93d3cuc2FibGllcmV0cmkuY29tIl0sImV2ZW50LW5hbWUiOlsiVHJpYXRsb24gZGUgbGEgU2FibGlcdTAwZThyZSJdLCJyYWNlX3dpemFyZC1jdXJyZW50X3N0ZXAiOlsiZXZlbnQiXSwiZXZlbnQtZWRpdGlvbiI6WyIxIl19LCJyYWNlIjp7ImNzcmZtaWRkbGV3YXJldG9rZW4iOlsiZE5RN1dkcVZWRjRrMEJOTTJGRVR6MkJxaU9FQnM2OU4iXSwicmFjZS1kaXN0YW5jZV9jYXQiOlsiOCJdLCJyYWNlLXNwb3J0IjpbIjIiXSwicmFjZS1kYXRlIjpbIjIwMTUtMDUtMzAiXSwicmFjZV93aXphcmQtY3VycmVudF9zdGVwIjpbInJhY2UiXX19LCJleHRyYV9kYXRhIjp7fSwic3RlcCI6ImxvY2F0aW9uIn0sIl9hdXRoX3VzZXJfaGFzaCI6IjViOTYyMTllZWFlMDg4NzU2ZDE2NGI4NDcwNzcyZTk0M2U4NzZmZmMiLCJfYXV0aF91c2VyX2JhY2tlbmQiOiJkamFuZ28uY29udHJpYi5hdXRoLmJhY2tlbmRzLk1vZGVsQmFja2VuZCIsIl9hdXRoX3VzZXJfaWQiOjN9", "expire_date": "2015-01-24T10:45:29.146Z"}, "model": "sessions.session", "pk": "46c735cqiy3y8aa2tmpinekiqnmkln2a"}, {"fields": {"session_data": "NDg2ZWVhZmFkNGNkMGEzNGRlYmIwOTVjMjMyOGMzOGExYTU3ZWMwYjp7Il9hdXRoX3VzZXJfaGFzaCI6IjViOTYyMTllZWFlMDg4NzU2ZDE2NGI4NDcwNzcyZTk0M2U4NzZmZmMiLCJfYXV0aF91c2VyX2lkIjozLCJfYXV0aF91c2VyX2JhY2tlbmQiOiJkamFuZ28uY29udHJpYi5hdXRoLmJhY2tlbmRzLk1vZGVsQmFja2VuZCJ9", "expire_date": "2015-01-19T15:47:01.683Z"}, "model": "sessions.session", "pk": "b6v5qdtxhzux6oc7zd6211ezmf109wka"}, {"fields": {"session_data": "MDhiZjk3ODBjODRmZjAxMjk4NDZhZGY1YzNmZjA4M2EyMWE2NDEzNzp7Il9hdXRoX3VzZXJfaWQiOjMsIl9hdXRoX3VzZXJfaGFzaCI6IjViOTYyMTllZWFlMDg4NzU2ZDE2NGI4NDcwNzcyZTk0M2U4NzZmZmMiLCJfYXV0aF91c2VyX2JhY2tlbmQiOiJkamFuZ28uY29udHJpYi5hdXRoLmJhY2tlbmRzLk1vZGVsQmFja2VuZCJ9", "expire_date": "2015-01-15T17:34:21.206Z"}, "model": "sessions.session", "pk": "oyulyy6gy0jkbig1iphdxon8buk7k1jd"}, {"fields": {"session_data": "ODEzOTNhNDMxNmFhOTNiODdhNWRiYmZmMGQ3ZGUwNTRiNThlMWUzZDp7Il9hdXRoX3VzZXJfaGFzaCI6ImIzYTMxY2Y2MjVlZTE2OWRiYWUzYjliODFkNzVhYjdhZGYwYmY1OTYiLCJfYXV0aF91c2VyX2lkIjozLCJfYXV0aF91c2VyX2JhY2tlbmQiOiJkamFuZ28uY29udHJpYi5hdXRoLmJhY2tlbmRzLk1vZGVsQmFja2VuZCJ9", "expire_date": "2015-01-27T19:07:40.781Z"}, "model": "sessions.session", "pk": "y0azmnooo2hkqrtw2n18gs96l2fgaant"}, {"fields": {"name": "Triathlon", "combinedSport": true}, "model": "core.sport", "pk": 2}, {"fields": {"address1": "", "zipcode": "07120", "city": "Saint Martin d'Ard\u00e8che", "lat": "44.30168", "state": "", "lng": "4.56566", "country": "FR", "address2": ""}, "model": "core.location", "pk": 1}, {"fields": {"address1": "", "zipcode": "07700", "city": "Saint Martin d'Ard\u00e8che", "lat": "44.30234", "state": "", "lng": "4.56624", "country": "FR", "address2": ""}, "model": "core.location", "pk": 2}, {"fields": {"address1": "", "zipcode": "07400", "city": "Le Teil", "lat": "44.55061", "state": "", "lng": "4.68379", "country": "FR", "address2": ""}, "model": "core.location", "pk": 3}, {"fields": {"address1": "", "zipcode": "07400", "city": "Le Teil", "lat": "44.55061", "state": "", "lng": "4.68379", "country": "FR", "address2": ""}, "model": "core.location", "pk": 4}, {"fields": {"address1": "", "zipcode": "34000", "city": "Montpellier", "lat": "43.60473", "state": "", "lng": "3.90117", "country": "FR", "address2": ""}, "model": "core.location", "pk": 5}, {"fields": {"address1": "", "zipcode": "26200", "city": "Mont\u00e9limar", "lat": "44.55694", "state": "", "lng": "4.7495", "country": "FR", "address2": ""}, "model": "core.location", "pk": 6}, {"fields": {"address1": "", "zipcode": "26200", "city": "Mont\u00e9limar", "lat": "44.55694", "state": "", "lng": "4.7495", "country": "FR", "address2": ""}, "model": "core.location", "pk": 7}, {"fields": {"address1": "", "zipcode": "26200", "city": "Mont\u00e9limar", "lat": "44.55694", "state": "", "lng": "4.7495", "country": "FR", "address2": ""}, "model": "core.location", "pk": 8}, {"fields": {"address1": "", "zipcode": "26200", "city": "Mont\u00e9limar", "lat": "44.55694", "state": "", "lng": "4.7495", "country": "FR", "address2": ""}, "model": "core.location", "pk": 9}, {"fields": {"address1": "", "zipcode": "69000", "city": "Lyon", "lat": "44.70628", "state": "", "lng": "-0.06623", "country": "FR", "address2": ""}, "model": "core.location", "pk": 10}, {"fields": {"address1": "", "zipcode": "69000", "city": "Lyon", "lat": "44.70628", "state": "", "lng": "-0.06623", "country": "FR", "address2": ""}, "model": "core.location", "pk": 11}, {"fields": {"address1": "", "zipcode": "69000", "city": "Lyon", "lat": "44.70628", "state": "", "lng": "-0.06623", "country": "FR", "address2": ""}, "model": "core.location", "pk": 12}, {"fields": {"address1": "", "zipcode": "21200", "city": "Beaune", "lat": "47.02603", "state": "", "lng": "4.84", "country": "FR", "address2": ""}, "model": "core.location", "pk": 13}, {"fields": {"address1": "", "zipcode": "21200", "city": "Beaune", "lat": "47.02603", "state": "", "lng": "4.84", "country": "FR", "address2": ""}, "model": "core.location", "pk": 14}, {"fields": {"address1": "", "zipcode": "63000", "city": "Clermont-Ferrand", "lat": "45.77126", "state": "", "lng": "3.1198", "country": "FR", "address2": ""}, "model": "core.location", "pk": 15}, {"fields": {"address1": "", "zipcode": "75012", "city": "Paris", "lat": "48.82936", "state": "", "lng": "2.42654", "country": "FR", "address2": ""}, "model": "core.location", "pk": 16}, {"fields": {"address1": "", "zipcode": "75012", "city": "Paris", "lat": "48.82936", "state": "", "lng": "2.42654", "country": "FR", "address2": ""}, "model": "core.location", "pk": 17}, {"fields": {"address1": "", "zipcode": "06000", "city": "Nice", "lat": "43.69604", "state": "", "lng": "7.26559", "country": "FR", "address2": ""}, "model": "core.location", "pk": 18}, {"fields": {"address1": "", "zipcode": "05200", "city": "Embrun", "lat": "44.56416", "state": "", "lng": "6.49586", "country": "FR", "address2": ""}, "model": "core.location", "pk": 19}, {"fields": {"address1": "", "zipcode": "04500", "city": "Riez", "lat": "43.81739", "state": "", "lng": "6.09334", "country": "FR", "address2": ""}, "model": "core.location", "pk": 20}, {"fields": {"address1": "", "zipcode": "13100", "city": "Aix-en-Provence", "lat": "43.53383", "state": "", "lng": "5.50925", "country": "FR", "address2": ""}, "model": "core.location", "pk": 21}, {"fields": {"address1": "", "zipcode": "13100", "city": "Aix-en-Provence", "lat": "43.53383", "state": "", "lng": "5.50925", "country": "FR", "address2": ""}, "model": "core.location", "pk": 22}, {"fields": {"address1": "", "zipcode": "13100", "city": "Aix-en-Provence", "lat": "43.53383", "state": "", "lng": "5.50925", "country": "FR", "address2": ""}, "model": "core.location", "pk": 23}, {"fields": {"address1": "", "zipcode": "13100", "city": "Aix-en-Provence", "lat": "43.53383", "state": "", "lng": "5.50925", "country": "FR", "address2": ""}, "model": "core.location", "pk": 24}, {"fields": {"address1": "", "zipcode": "07140", "city": "Les Vans", "lat": "44.40469", "state": "", "lng": "4.13192", "country": "FR", "address2": ""}, "model": "core.location", "pk": 25}, {"fields": {"address1": "", "zipcode": "12000", "city": "Millau", "lat": "44.34178", "state": "", "lng": "2.58455", "country": "FR", "address2": ""}, "model": "core.location", "pk": 26}, {"fields": {"address1": "", "zipcode": "33000", "city": "Bordeaux", "lat": "44.83501", "state": "", "lng": "-0.58727", "country": "FR", "address2": ""}, "model": "core.location", "pk": 27}, {"fields": {"address1": "", "zipcode": "33000", "city": "Bordeaux", "lat": "44.83501", "state": "", "lng": "-0.58727", "country": "FR", "address2": ""}, "model": "core.location", "pk": 28}, {"fields": {"address1": "", "zipcode": "07580", "city": "Berz\u00e8me", "lat": "44.6515", "state": "", "lng": "4.56526", "country": "FR", "address2": ""}, "model": "core.location", "pk": 29}, {"fields": {"address1": "3 impasse des argelas", "zipcode": "07400", "city": "Le Teil", "lat": "44.55234", "state": "", "lng": "4.67553", "country": "FR", "address2": ""}, "model": "core.location", "pk": 30}, {"fields": {"address1": "3 impasse des argelas", "zipcode": "07400", "city": "Le Teil", "lat": "44.55234", "state": "", "lng": "4.67553", "country": "FR", "address2": ""}, "model": "core.location", "pk": 31}, {"fields": {"address1": "3 impasse des argelas", "zipcode": "07400", "city": "Le Teil", "lat": "44.55234", "state": "", "lng": "4.67553", "country": "FR", "address2": ""}, "model": "core.location", "pk": 32}, {"fields": {"address1": "3 impasse des argelas", "zipcode": "07400", "city": "Le Teil", "lat": "44.55234", "state": "", "lng": "4.67553", "country": "FR", "address2": ""}, "model": "core.location", "pk": 33}, {"fields": {"address1": "3 impasse des argelas", "zipcode": "07400", "city": "Le Teil", "lat": "44.55234", "state": "", "lng": "4.67553", "country": "FR", "address2": ""}, "model": "core.location", "pk": 34}, {"fields": {"address1": "3 impasse des argelas", "zipcode": "07400", "city": "Le Teil", "lat": "44.55234", "state": "", "lng": "4.67553", "country": "FR", "address2": ""}, "model": "core.location", "pk": 35}, {"fields": {"address1": "3 impasse des argelas", "zipcode": "07400", "city": "Le Teil", "lat": "44.55234", "state": "", "lng": "4.67553", "country": "FR", "address2": ""}, "model": "core.location", "pk": 36}, {"fields": {"address1": "3 impasse des argelas", "zipcode": "07400", "city": "Le Teil", "lat": "44.55234", "state": "", "lng": "4.67553", "country": "FR", "address2": ""}, "model": "core.location", "pk": 37}, {"fields": {"address1": "3 impasse des argelas", "zipcode": "07400", "city": "Le Teil", "lat": "44.55234", "state": "", "lng": "4.67553", "country": "FR", "address2": ""}, "model": "core.location", "pk": 38}, {"fields": {"address1": "3 impasse des argelas", "zipcode": "07400", "city": "Le Teil", "lat": "44.55234", "state": "", "lng": "4.67553", "country": "FR", "address2": ""}, "model": "core.location", "pk": 39}, {"fields": {"address1": "3 impasse des argelas", "zipcode": "07400", "city": "Le Teil", "lat": "44.55234", "state": "", "lng": "4.67553", "country": "FR", "address2": ""}, "model": "core.location", "pk": 40}, {"fields": {"address1": "3 impasse des argelas", "zipcode": "07400", "city": "Le Teil", "lat": "44.55234", "state": "", "lng": "4.67553", "country": "FR", "address2": ""}, "model": "core.location", "pk": 41}, {"fields": {"address1": "", "zipcode": "68120", "city": "Mulhouse", "lat": "47.7849", "state": "", "lng": "7.28481", "country": "FR", "address2": ""}, "model": "core.location", "pk": 42}, {"fields": {"address1": "", "zipcode": "44000", "city": "Nantes", "lat": "47.2185", "state": "", "lng": "-1.54466", "country": "FR", "address2": ""}, "model": "core.location", "pk": 43}, {"fields": {"address1": "", "zipcode": "29200", "city": "Brest", "lat": "48.39039", "state": "", "lng": "-4.48608", "country": "FR", "address2": ""}, "model": "core.location", "pk": 44}, {"fields": {"address1": "", "zipcode": "24000", "city": "Bergerac", "lat": "45.17739", "state": "", "lng": "0.72561", "country": "FR", "address2": ""}, "model": "core.location", "pk": 45}, {"fields": {"address1": "", "zipcode": "69000", "city": "Lyon", "lat": "44.70628", "state": "", "lng": "-0.06623", "country": "FR", "address2": ""}, "model": "core.location", "pk": 46}, {"fields": {"sport": 2, "name": "Natation", "default_order": 1}, "model": "core.sportstage", "pk": 4}, {"fields": {"sport": 2, "name": "Cyclisme", "default_order": 1}, "model": "core.sportstage", "pk": 5}, {"fields": {"sport": 2, "name": "Course \u00e0 Pied", "default_order": 1}, "model": "core.sportstage", "pk": 6}, {"fields": {"edition": 1, "name": "Triathlon des Gorges de l'Ard\u00e8che", "website": null}, "model": "core.event", "pk": 5}, {"fields": {"edition": 1, "name": "Triathlon du Teil", "website": null}, "model": "core.event", "pk": 6}, {"fields": {"edition": 1, "name": "Montpellier Agglo Triathlon", "website": null}, "model": "core.event", "pk": 7}, {"fields": {"edition": 1, "name": "Triathlon de Mont\u00e9limar", "website": null}, "model": "core.event", "pk": 10}, {"fields": {"edition": 1, "name": "Tri des Gones", "website": null}, "model": "core.event", "pk": 12}, {"fields": {"edition": 1, "name": "Beaujotri", "website": null}, "model": "core.event", "pk": 15}, {"fields": {"edition": 1, "name": "IronMan de Clermont", "website": null}, "model": "core.event", "pk": 17}, {"fields": {"edition": 1, "name": "TriParis", "website": null}, "model": "core.event", "pk": 18}, {"fields": {"edition": 1, "name": "IronMan de Nice", "website": null}, "model": "core.event", "pk": 20}, {"fields": {"edition": 1, "name": "Embrunman", "website": null}, "model": "core.event", "pk": 21}, {"fields": {"edition": 1, "name": "Tri Ekiden l'Occitane", "website": null}, "model": "core.event", "pk": 22}, {"fields": {"edition": 1, "name": "Tri international des Vans", "website": null}, "model": "core.event", "pk": 27}, {"fields": {"edition": 1, "name": "Triathlon espoirs f\u00e9minin de Millau en Aveyron", "website": null}, "model": "core.event", "pk": 28}, {"fields": {"edition": 2, "name": "Triathlon des Girondins de Bordeaux", "website": null}, "model": "core.event", "pk": 29}, {"fields": {"edition": 1, "name": "Triathlon de Nantes", "website": "http://www.trinantes.com/"}, "model": "core.event", "pk": 44}, {"fields": {"edition": 1, "name": "TriBrest", "website": "http://tribrest.com/"}, "model": "core.event", "pk": 45}, {"fields": {"edition": 2, "name": "Animatri", "website": "http://www.sablieretri.com/"}, "model": "core.event", "pk": 47}, {"fields": {"sport": [2], "name": "FFTri"}, "model": "core.federation", "pk": 2}, {"fields": {"phone": null, "name": "Bruno Damiens", "email": null}, "model": "core.contact", "pk": 8}, {"fields": {"phone": null, "name": "Xavier Mazellier", "email": null}, "model": "core.contact", "pk": 9}, {"fields": {"phone": null, "name": "Jean Dupont", "email": null}, "model": "core.contact", "pk": 10}, {"fields": {"phone": null, "name": "Pierre Dupont", "email": null}, "model": "core.contact", "pk": 11}, {"fields": {"phone": null, "name": "Pierre Dupont", "email": null}, "model": "core.contact", "pk": 12}, {"fields": {"phone": null, "name": "Pierre Dupont", "email": null}, "model": "core.contact", "pk": 13}, {"fields": {"phone": null, "name": "Pierre Dupont", "email": null}, "model": "core.contact", "pk": 14}, {"fields": {"phone": null, "name": "Pierre Dupont", "email": null}, "model": "core.contact", "pk": 15}, {"fields": {"phone": null, "name": "Pierre Dupont", "email": null}, "model": "core.contact", "pk": 16}, {"fields": {"phone": null, "name": "Pierre Dupont", "email": null}, "model": "core.contact", "pk": 17}, {"fields": {"phone": null, "name": "Pierre Dupont", "email": null}, "model": "core.contact", "pk": 18}, {"fields": {"phone": null, "name": "Pierre Dupont", "email": null}, "model": "core.contact", "pk": 19}, {"fields": {"phone": null, "name": "Pierre Dupont", "email": null}, "model": "core.contact", "pk": 20}, {"fields": {"phone": null, "name": "Pierre Dupont", "email": null}, "model": "core.contact", "pk": 21}, {"fields": {"phone": null, "name": "Pierre Dupont", "email": null}, "model": "core.contact", "pk": 22}, {"fields": {"phone": null, "name": "Pierre Dupont", "email": null}, "model": "core.contact", "pk": 23}, {"fields": {"phone": null, "name": "Pierre Dupont", "email": null}, "model": "core.contact", "pk": 24}, {"fields": {"phone": null, "name": "Pierre Dupont", "email": null}, "model": "core.contact", "pk": 25}, {"fields": {"phone": null, "name": "Pierre Dupont", "email": null}, "model": "core.contact", "pk": 26}, {"fields": {"phone": null, "name": "Pierre Dupont", "email": null}, "model": "core.contact", "pk": 27}, {"fields": {"phone": null, "name": "Pierre Dupont", "email": null}, "model": "core.contact", "pk": 28}, {"fields": {"phone": null, "name": "Pierre Dupont", "email": null}, "model": "core.contact", "pk": 29}, {"fields": {"phone": null, "name": "Pierre Dupont", "email": null}, "model": "core.contact", "pk": 30}, {"fields": {"phone": null, "name": "Pierre Dupont", "email": null}, "model": "core.contact", "pk": 31}, {"fields": {"phone": null, "name": "Georges Br\u00e9and", "email": null}, "model": "core.contact", "pk": 32}, {"fields": {"phone": "0651955187", "name": "Georges Br\u00e9and", "email": "j.martin@hotmail.com"}, "model": "core.contact", "pk": 33}, {"fields": {"phone": "0651955187", "name": "Xavix Mazelix", "email": "xm@toto.com"}, "model": "core.contact", "pk": 34}, {"fields": {"phone": "0651955187", "name": "Xavix Mazelix", "email": "xm@toto.com"}, "model": "core.contact", "pk": 35}, {"fields": {"phone": "0651955187", "name": "Xavix Mazelix", "email": "mazelx@gmail.com"}, "model": "core.contact", "pk": 36}, {"fields": {"phone": "0651955187", "name": "Xavix Mazelix", "email": "mazelx@gmail.com"}, "model": "core.contact", "pk": 37}, {"fields": {"phone": "0651955187", "name": "Xavix Mazelix", "email": "mazelx@gmail.com"}, "model": "core.contact", "pk": 38}, {"fields": {"phone": "0651955187", "name": "Xavix Mazelix", "email": "mazelx@gmail.com"}, "model": "core.contact", "pk": 39}, {"fields": {"phone": "0651955187", "name": "Xavix Mazelix", "email": "mazelx@gmail.com"}, "model": "core.contact", "pk": 40}, {"fields": {"phone": "0651955187", "name": "Triatlon de la Sabli\u00e8re", "email": "mazelx@gmail.com"}, "model": "core.contact", "pk": 41}, {"fields": {"phone": null, "name": "toto", "email": null}, "model": "core.contact", "pk": 42}, {"fields": {"phone": "0651955187", "name": "Xavix Mazelix", "email": "sdsddsd@dlkflkdf.com"}, "model": "core.contact", "pk": 43}, {"fields": {"phone": "0651955187", "name": "Xavix Mazelix", "email": "sdsddsd@dlkflkdf.com"}, "model": "core.contact", "pk": 44}, {"fields": {"phone": "", "name": "dsdd", "email": ""}, "model": "core.contact", "pk": 45}, {"fields": {"phone": "064131425", "name": "Jean Dupont", "email": "jdupont@gmail.com"}, "model": "core.contact", "pk": 46}, {"fields": {"phone": "061888282", "name": "Soazig Kermalec", "email": "sok@yahoo.com"}, "model": "core.contact", "pk": 47}, {"fields": {"phone": "0651955187", "name": "sdsds", "email": "jdupont@gmail.com"}, "model": "core.contact", "pk": 48}, {"fields": {"long_name": null, "sport": 2, "order": 1, "name": "XS"}, "model": "core.distancecategory", "pk": 4}, {"fields": {"long_name": "", "sport": 2, "order": 2, "name": "S"}, "model": "core.distancecategory", "pk": 5}, {"fields": {"long_name": "", "sport": 2, "order": 3, "name": "M"}, "model": "core.distancecategory", "pk": 6}, {"fields": {"long_name": "", "sport": 2, "order": 4, "name": "L"}, "model": "core.distancecategory", "pk": 7}, {"fields": {"long_name": "", "sport": 2, "order": 5, "name": "XL"}, "model": "core.distancecategory", "pk": 8}, {"fields": {"label": null, "sport": 2, "description": "", "contact": 8, "federation": null, "price": 40, "title": "", "location": 1, "event": 5, "date": "2015-07-25T16:00:00Z", "distance_cat": 6}, "model": "core.race", "pk": 1}, {"fields": {"label": null, "sport": 2, "description": "", "contact": 8, "federation": null, "price": 30, "title": "", "location": 2, "event": 5, "date": "2015-07-26T09:00:00Z", "distance_cat": 5}, "model": "core.race", "pk": 2}, {"fields": {"label": null, "sport": 2, "description": "", "contact": 9, "federation": null, "price": 40, "title": "", "location": 3, "event": 6, "date": "2015-06-06T16:00:00Z", "distance_cat": 6}, "model": "core.race", "pk": 3}, {"fields": {"label": null, "sport": 2, "description": "", "contact": 9, "federation": null, "price": 10, "title": "", "location": 4, "event": 6, "date": "2015-06-06T09:00:00Z", "distance_cat": 4}, "model": "core.race", "pk": 4}, {"fields": {"label": null, "sport": 2, "description": "", "contact": 10, "federation": null, "price": 50, "title": "", "location": 5, "event": 7, "date": "2015-07-25T09:00:00Z", "distance_cat": 8}, "model": "core.race", "pk": 5}, {"fields": {"label": null, "sport": 2, "description": null, "contact": 13, "federation": null, "price": 40, "title": null, "location": 8, "event": 10, "date": "2015-06-24T22:00:00Z", "distance_cat": 4}, "model": "core.race", "pk": 6}, {"fields": {"label": null, "sport": 2, "description": "", "contact": 14, "federation": null, "price": 40, "title": "", "location": 9, "event": 10, "date": "2015-04-09T22:00:00Z", "distance_cat": 5}, "model": "core.race", "pk": 7}, {"fields": {"label": null, "sport": 2, "description": null, "contact": 15, "federation": null, "price": 40, "title": null, "location": 10, "event": 12, "date": "2015-03-01T23:00:00Z", "distance_cat": 5}, "model": "core.race", "pk": 8}, {"fields": {"label": null, "sport": 2, "description": "", "contact": 16, "federation": null, "price": 40, "title": "", "location": 46, "event": 12, "date": "2015-03-01T23:00:00Z", "distance_cat": 6}, "model": "core.race", "pk": 9}, {"fields": {"label": null, "sport": 2, "description": "", "contact": 17, "federation": null, "price": 40, "title": "", "location": 12, "event": 12, "date": "2015-03-02T23:00:00Z", "distance_cat": 7}, "model": "core.race", "pk": 10}, {"fields": {"label": null, "sport": 2, "description": null, "contact": 18, "federation": null, "price": 40, "title": null, "location": 13, "event": 15, "date": "2015-03-02T23:00:00Z", "distance_cat": 6}, "model": "core.race", "pk": 11}, {"fields": {"label": null, "sport": 2, "description": null, "contact": 20, "federation": null, "price": 40, "title": null, "location": 15, "event": 17, "date": "2015-07-02T22:00:00Z", "distance_cat": 8}, "model": "core.race", "pk": 13}, {"fields": {"label": null, "sport": 2, "description": null, "contact": 21, "federation": null, "price": 40, "title": null, "location": 16, "event": 18, "date": "2015-07-04T22:00:00Z", "distance_cat": 4}, "model": "core.race", "pk": 14}, {"fields": {"label": null, "sport": 2, "description": "", "contact": 22, "federation": null, "price": 40, "title": "", "location": 17, "event": 18, "date": "2015-07-04T22:00:00Z", "distance_cat": 5}, "model": "core.race", "pk": 15}, {"fields": {"label": null, "sport": 2, "description": null, "contact": 23, "federation": null, "price": 40, "title": null, "location": 18, "event": 20, "date": "2015-05-24T22:00:00Z", "distance_cat": 8}, "model": "core.race", "pk": 16}, {"fields": {"label": null, "sport": 2, "description": null, "contact": 24, "federation": null, "price": 40, "title": null, "location": 19, "event": 21, "date": "2015-06-09T22:00:00Z", "distance_cat": 8}, "model": "core.race", "pk": 17}, {"fields": {"label": null, "sport": 2, "description": null, "contact": 25, "federation": null, "price": 40, "title": null, "location": 20, "event": 22, "date": "2015-06-09T22:00:00Z", "distance_cat": 6}, "model": "core.race", "pk": 18}, {"fields": {"label": null, "sport": 2, "description": null, "contact": 30, "federation": null, "price": 40, "title": null, "location": 25, "event": 27, "date": "2015-08-14T22:00:00Z", "distance_cat": 6}, "model": "core.race", "pk": 22}, {"fields": {"label": null, "sport": 2, "description": null, "contact": 31, "federation": null, "price": 40, "title": null, "location": 26, "event": 28, "date": "2015-08-04T22:00:00Z", "distance_cat": 8}, "model": "core.race", "pk": 23}, {"fields": {"label": null, "sport": 2, "description": "", "contact": 32, "federation": 2, "price": 30, "title": "", "location": 28, "event": 29, "date": "2015-04-24T16:00:00Z", "distance_cat": 5}, "model": "core.race", "pk": 24}, {"fields": {"label": null, "sport": 2, "description": null, "contact": 46, "federation": null, "price": null, "title": null, "location": 43, "event": 44, "date": "2015-07-29T22:00:00Z", "distance_cat": 8}, "model": "core.race", "pk": 35}, {"fields": {"label": null, "sport": 2, "description": null, "contact": 47, "federation": null, "price": null, "title": null, "location": 44, "event": 45, "date": "2015-07-29T22:00:00Z", "distance_cat": 4}, "model": "core.race", "pk": 36}, {"fields": {"label": null, "sport": 2, "description": null, "contact": 48, "federation": null, "price": null, "title": null, "location": 45, "event": 47, "date": "2015-07-29T22:00:00Z", "distance_cat": 8}, "model": "core.race", "pk": 37}, {"fields": {"stage": 4, "order": 1, "distance": 1500, "race": 1}, "model": "core.stagedistancespecific", "pk": 16}, {"fields": {"stage": 5, "order": 1, "distance": 40000, "race": 1}, "model": "core.stagedistancespecific", "pk": 17}, {"fields": {"stage": 6, "order": 1, "distance": 10000, "race": 1}, "model": "core.stagedistancespecific", "pk": 18}, {"fields": {"stage": 4, "order": 1, "distance": 750, "race": 2}, "model": "core.stagedistancespecific", "pk": 19}, {"fields": {"stage": 5, "order": 1, "distance": 20000, "race": 2}, "model": "core.stagedistancespecific", "pk": 20}, {"fields": {"stage": 6, "order": 1, "distance": 5000, "race": 2}, "model": "core.stagedistancespecific", "pk": 21}, {"fields": {"stage": 4, "order": 1, "distance": 1500, "race": 3}, "model": "core.stagedistancespecific", "pk": 22}, {"fields": {"stage": 5, "order": 1, "distance": 40000, "race": 3}, "model": "core.stagedistancespecific", "pk": 23}, {"fields": {"stage": 6, "order": 1, "distance": 10000, "race": 3}, "model": "core.stagedistancespecific", "pk": 24}, {"fields": {"stage": 4, "order": 1, "distance": 400, "race": 4}, "model": "core.stagedistancespecific", "pk": 25}, {"fields": {"stage": 5, "order": 1, "distance": 10000, "race": 4}, "model": "core.stagedistancespecific", "pk": 26}, {"fields": {"stage": 6, "order": 1, "distance": 2500, "race": 4}, "model": "core.stagedistancespecific", "pk": 27}, {"fields": {"stage": 4, "order": 1, "distance": 4000, "race": 5}, "model": "core.stagedistancespecific", "pk": 28}, {"fields": {"stage": 5, "order": 1, "distance": 120000, "race": 5}, "model": "core.stagedistancespecific", "pk": 29}, {"fields": {"stage": 6, "order": 1, "distance": 30000, "race": 5}, "model": "core.stagedistancespecific", "pk": 30}, {"fields": {"stage": 4, "order": 1, "distance": 400, "race": 6}, "model": "core.stagedistancespecific", "pk": 31}, {"fields": {"stage": 5, "order": 1, "distance": 10000, "race": 6}, "model": "core.stagedistancespecific", "pk": 32}, {"fields": {"stage": 6, "order": 1, "distance": 2500, "race": 6}, "model": "core.stagedistancespecific", "pk": 33}, {"fields": {"stage": 4, "order": 1, "distance": 750, "race": 7}, "model": "core.stagedistancespecific", "pk": 34}, {"fields": {"stage": 5, "order": 1, "distance": 20000, "race": 7}, "model": "core.stagedistancespecific", "pk": 35}, {"fields": {"stage": 6, "order": 1, "distance": 5000, "race": 7}, "model": "core.stagedistancespecific", "pk": 36}, {"fields": {"stage": 4, "order": 1, "distance": 750, "race": 8}, "model": "core.stagedistancespecific", "pk": 37}, {"fields": {"stage": 5, "order": 1, "distance": 20000, "race": 8}, "model": "core.stagedistancespecific", "pk": 38}, {"fields": {"stage": 6, "order": 1, "distance": 5000, "race": 8}, "model": "core.stagedistancespecific", "pk": 39}, {"fields": {"stage": 4, "order": 1, "distance": 1500, "race": 9}, "model": "core.stagedistancespecific", "pk": 40}, {"fields": {"stage": 5, "order": 1, "distance": 40000, "race": 9}, "model": "core.stagedistancespecific", "pk": 41}, {"fields": {"stage": 6, "order": 1, "distance": 10000, "race": 9}, "model": "core.stagedistancespecific", "pk": 42}, {"fields": {"stage": 4, "order": 1, "distance": 3000, "race": 10}, "model": "core.stagedistancespecific", "pk": 43}, {"fields": {"stage": 5, "order": 1, "distance": 80000, "race": 10}, "model": "core.stagedistancespecific", "pk": 44}, {"fields": {"stage": 6, "order": 1, "distance": 20000, "race": 10}, "model": "core.stagedistancespecific", "pk": 45}, {"fields": {"stage": 4, "order": 1, "distance": 1500, "race": 11}, "model": "core.stagedistancespecific", "pk": 46}, {"fields": {"stage": 5, "order": 1, "distance": 40000, "race": 11}, "model": "core.stagedistancespecific", "pk": 47}, {"fields": {"stage": 6, "order": 1, "distance": 10000, "race": 11}, "model": "core.stagedistancespecific", "pk": 48}, {"fields": {"stage": 4, "order": 1, "distance": 4000, "race": 13}, "model": "core.stagedistancespecific", "pk": 52}, {"fields": {"stage": 5, "order": 1, "distance": 120000, "race": 13}, "model": "core.stagedistancespecific", "pk": 53}, {"fields": {"stage": 6, "order": 1, "distance": 30000, "race": 13}, "model": "core.stagedistancespecific", "pk": 54}, {"fields": {"stage": 4, "order": 1, "distance": 400, "race": 14}, "model": "core.stagedistancespecific", "pk": 55}, {"fields": {"stage": 5, "order": 1, "distance": 10000, "race": 14}, "model": "core.stagedistancespecific", "pk": 56}, {"fields": {"stage": 6, "order": 1, "distance": 2500, "race": 14}, "model": "core.stagedistancespecific", "pk": 57}, {"fields": {"stage": 4, "order": 1, "distance": 750, "race": 15}, "model": "core.stagedistancespecific", "pk": 58}, {"fields": {"stage": 5, "order": 1, "distance": 20000, "race": 15}, "model": "core.stagedistancespecific", "pk": 59}, {"fields": {"stage": 6, "order": 1, "distance": 5000, "race": 15}, "model": "core.stagedistancespecific", "pk": 60}, {"fields": {"stage": 4, "order": 1, "distance": 4000, "race": 16}, "model": "core.stagedistancespecific", "pk": 61}, {"fields": {"stage": 5, "order": 1, "distance": 120000, "race": 16}, "model": "core.stagedistancespecific", "pk": 62}, {"fields": {"stage": 6, "order": 1, "distance": 30000, "race": 16}, "model": "core.stagedistancespecific", "pk": 63}, {"fields": {"stage": 4, "order": 1, "distance": 4000, "race": 17}, "model": "core.stagedistancespecific", "pk": 64}, {"fields": {"stage": 5, "order": 1, "distance": 120000, "race": 17}, "model": "core.stagedistancespecific", "pk": 65}, {"fields": {"stage": 6, "order": 1, "distance": 30000, "race": 17}, "model": "core.stagedistancespecific", "pk": 66}, {"fields": {"stage": 4, "order": 1, "distance": 1500, "race": 18}, "model": "core.stagedistancespecific", "pk": 67}, {"fields": {"stage": 5, "order": 1, "distance": 40000, "race": 18}, "model": "core.stagedistancespecific", "pk": 68}, {"fields": {"stage": 6, "order": 1, "distance": 10000, "race": 18}, "model": "core.stagedistancespecific", "pk": 69}, {"fields": {"stage": 4, "order": 1, "distance": 1500, "race": 22}, "model": "core.stagedistancespecific", "pk": 79}, {"fields": {"stage": 5, "order": 1, "distance": 40000, "race": 22}, "model": "core.stagedistancespecific", "pk": 80}, {"fields": {"stage": 6, "order": 1, "distance": 10000, "race": 22}, "model": "core.stagedistancespecific", "pk": 81}, {"fields": {"stage": 4, "order": 1, "distance": 4000, "race": 23}, "model": "core.stagedistancespecific", "pk": 82}, {"fields": {"stage": 5, "order": 1, "distance": 120000, "race": 23}, "model": "core.stagedistancespecific", "pk": 83}, {"fields": {"stage": 6, "order": 1, "distance": 30000, "race": 23}, "model": "core.stagedistancespecific", "pk": 84}, {"fields": {"stage": 4, "order": 1, "distance": 750, "race": 24}, "model": "core.stagedistancespecific", "pk": 85}, {"fields": {"stage": 5, "order": 1, "distance": 20000, "race": 24}, "model": "core.stagedistancespecific", "pk": 86}, {"fields": {"stage": 6, "order": 1, "distance": 5000, "race": 24}, "model": "core.stagedistancespecific", "pk": 87}, {"fields": {"stage": 4, "order": 1, "distance": 4000, "race": 35}, "model": "core.stagedistancespecific", "pk": 115}, {"fields": {"stage": 5, "order": 1, "distance": 120000, "race": 35}, "model": "core.stagedistancespecific", "pk": 116}, {"fields": {"stage": 6, "order": 1, "distance": 30000, "race": 35}, "model": "core.stagedistancespecific", "pk": 117}, {"fields": {"stage": 4, "order": 1, "distance": 400, "race": 36}, "model": "core.stagedistancespecific", "pk": 118}, {"fields": {"stage": 5, "order": 1, "distance": 10000, "race": 36}, "model": "core.stagedistancespecific", "pk": 119}, {"fields": {"stage": 6, "order": 1, "distance": 2500, "race": 36}, "model": "core.stagedistancespecific", "pk": 120}, {"fields": {"stage": 4, "order": 1, "distance": 4000, "race": 37}, "model": "core.stagedistancespecific", "pk": 121}, {"fields": {"stage": 5, "order": 1, "distance": 120000, "race": 37}, "model": "core.stagedistancespecific", "pk": 122}, {"fields": {"stage": 6, "order": 1, "distance": 30000, "race": 37}, "model": "core.stagedistancespecific", "pk": 123}, {"fields": {"stage": 4, "order": 1, "distance": 400, "distance_cat": 4}, "model": "core.stagedistancedefault", "pk": 7}, {"fields": {"stage": 5, "order": 1, "distance": 10000, "distance_cat": 4}, "model": "core.stagedistancedefault", "pk": 8}, {"fields": {"stage": 6, "order": 1, "distance": 2500, "distance_cat": 4}, "model": "core.stagedistancedefault", "pk": 9}, {"fields": {"stage": 4, "order": 1, "distance": 750, "distance_cat": 5}, "model": "core.stagedistancedefault", "pk": 10}, {"fields": {"stage": 5, "order": 1, "distance": 20000, "distance_cat": 5}, "model": "core.stagedistancedefault", "pk": 11}, {"fields": {"stage": 6, "order": 1, "distance": 5000, "distance_cat": 5}, "model": "core.stagedistancedefault", "pk": 12}, {"fields": {"stage": 4, "order": 1, "distance": 1500, "distance_cat": 6}, "model": "core.stagedistancedefault", "pk": 13}, {"fields": {"stage": 5, "order": 1, "distance": 40000, "distance_cat": 6}, "model": "core.stagedistancedefault", "pk": 14}, {"fields": {"stage": 6, "order": 1, "distance": 10000, "distance_cat": 6}, "model": "core.stagedistancedefault", "pk": 15}, {"fields": {"stage": 4, "order": 1, "distance": 3000, "distance_cat": 7}, "model": "core.stagedistancedefault", "pk": 16}, {"fields": {"stage": 5, "order": 1, "distance": 80000, "distance_cat": 7}, "model": "core.stagedistancedefault", "pk": 17}, {"fields": {"stage": 6, "order": 1, "distance": 20000, "distance_cat": 7}, "model": "core.stagedistancedefault", "pk": 18}, {"fields": {"stage": 4, "order": 1, "distance": 4000, "distance_cat": 8}, "model": "core.stagedistancedefault", "pk": 19}, {"fields": {"stage": 5, "order": 1, "distance": 120000, "distance_cat": 8}, "model": "core.stagedistancedefault", "pk": 20}, {"fields": {"stage": 6, "order": 1, "distance": 30000, "distance_cat": 8}, "model": "core.stagedistancedefault", "pk": 21}, {"fields": {"content_type": 35, "name": "Can add log entry", "codename": "add_logentry"}, "model": "auth.permission", "pk": 103}, {"fields": {"content_type": 35, "name": "Can change log entry", "codename": "change_logentry"}, "model": "auth.permission", "pk": 104}, {"fields": {"content_type": 35, "name": "Can delete log entry", "codename": "delete_logentry"}, "model": "auth.permission", "pk": 105}, {"fields": {"content_type": 36, "name": "Can add permission", "codename": "add_permission"}, "model": "auth.permission", "pk": 106}, {"fields": {"content_type": 36, "name": "Can change permission", "codename": "change_permission"}, "model": "auth.permission", "pk": 107}, {"fields": {"content_type": 36, "name": "Can delete permission", "codename": "delete_permission"}, "model": "auth.permission", "pk": 108}, {"fields": {"content_type": 37, "name": "Can add group", "codename": "add_group"}, "model": "auth.permission", "pk": 109}, {"fields": {"content_type": 37, "name": "Can change group", "codename": "change_group"}, "model": "auth.permission", "pk": 110}, {"fields": {"content_type": 37, "name": "Can delete group", "codename": "delete_group"}, "model": "auth.permission", "pk": 111}, {"fields": {"content_type": 38, "name": "Can add user", "codename": "add_user"}, "model": "auth.permission", "pk": 112}, {"fields": {"content_type": 38, "name": "Can change user", "codename": "change_user"}, "model": "auth.permission", "pk": 113}, {"fields": {"content_type": 38, "name": "Can delete user", "codename": "delete_user"}, "model": "auth.permission", "pk": 114}, {"fields": {"content_type": 39, "name": "Can add content type", "codename": "add_contenttype"}, "model": "auth.permission", "pk": 115}, {"fields": {"content_type": 39, "name": "Can change content type", "codename": "change_contenttype"}, "model": "auth.permission", "pk": 116}, {"fields": {"content_type": 39, "name": "Can delete content type", "codename": "delete_contenttype"}, "model": "auth.permission", "pk": 117}, {"fields": {"content_type": 40, "name": "Can add session", "codename": "add_session"}, "model": "auth.permission", "pk": 118}, {"fields": {"content_type": 40, "name": "Can change session", "codename": "change_session"}, "model": "auth.permission", "pk": 119}, {"fields": {"content_type": 40, "name": "Can delete session", "codename": "delete_session"}, "model": "auth.permission", "pk": 120}, {"fields": {"content_type": 41, "name": "Can add sport", "codename": "add_sport"}, "model": "auth.permission", "pk": 121}, {"fields": {"content_type": 41, "name": "Can change sport", "codename": "change_sport"}, "model": "auth.permission", "pk": 122}, {"fields": {"content_type": 41, "name": "Can delete sport", "codename": "delete_sport"}, "model": "auth.permission", "pk": 123}, {"fields": {"content_type": 42, "name": "Can add location", "codename": "add_location"}, "model": "auth.permission", "pk": 124}, {"fields": {"content_type": 42, "name": "Can change location", "codename": "change_location"}, "model": "auth.permission", "pk": 125}, {"fields": {"content_type": 42, "name": "Can delete location", "codename": "delete_location"}, "model": "auth.permission", "pk": 126}, {"fields": {"content_type": 43, "name": "Can add Sport Stage", "codename": "add_sportstage"}, "model": "auth.permission", "pk": 127}, {"fields": {"content_type": 43, "name": "Can change Sport Stage", "codename": "change_sportstage"}, "model": "auth.permission", "pk": 128}, {"fields": {"content_type": 43, "name": "Can delete Sport Stage", "codename": "delete_sportstage"}, "model": "auth.permission", "pk": 129}, {"fields": {"content_type": 44, "name": "Can add event", "codename": "add_event"}, "model": "auth.permission", "pk": 130}, {"fields": {"content_type": 44, "name": "Can change event", "codename": "change_event"}, "model": "auth.permission", "pk": 131}, {"fields": {"content_type": 44, "name": "Can delete event", "codename": "delete_event"}, "model": "auth.permission", "pk": 132}, {"fields": {"content_type": 45, "name": "Can add federation", "codename": "add_federation"}, "model": "auth.permission", "pk": 133}, {"fields": {"content_type": 45, "name": "Can change federation", "codename": "change_federation"}, "model": "auth.permission", "pk": 134}, {"fields": {"content_type": 45, "name": "Can delete federation", "codename": "delete_federation"}, "model": "auth.permission", "pk": 135}, {"fields": {"content_type": 46, "name": "Can add contact", "codename": "add_contact"}, "model": "auth.permission", "pk": 136}, {"fields": {"content_type": 46, "name": "Can change contact", "codename": "change_contact"}, "model": "auth.permission", "pk": 137}, {"fields": {"content_type": 46, "name": "Can delete contact", "codename": "delete_contact"}, "model": "auth.permission", "pk": 138}, {"fields": {"content_type": 47, "name": "Can add label", "codename": "add_label"}, "model": "auth.permission", "pk": 139}, {"fields": {"content_type": 47, "name": "Can change label", "codename": "change_label"}, "model": "auth.permission", "pk": 140}, {"fields": {"content_type": 47, "name": "Can delete label", "codename": "delete_label"}, "model": "auth.permission", "pk": 141}, {"fields": {"content_type": 48, "name": "Can add Distance Category", "codename": "add_distancecategory"}, "model": "auth.permission", "pk": 142}, {"fields": {"content_type": 48, "name": "Can change Distance Category", "codename": "change_distancecategory"}, "model": "auth.permission", "pk": 143}, {"fields": {"content_type": 48, "name": "Can delete Distance Category", "codename": "delete_distancecategory"}, "model": "auth.permission", "pk": 144}, {"fields": {"content_type": 49, "name": "Can add race", "codename": "add_race"}, "model": "auth.permission", "pk": 145}, {"fields": {"content_type": 49, "name": "Can change race", "codename": "change_race"}, "model": "auth.permission", "pk": 146}, {"fields": {"content_type": 49, "name": "Can delete race", "codename": "delete_race"}, "model": "auth.permission", "pk": 147}, {"fields": {"content_type": 50, "name": "Can add Stage distance (for a race)", "codename": "add_stagedistancespecific"}, "model": "auth.permission", "pk": 148}, {"fields": {"content_type": 50, "name": "Can change Stage distance (for a race)", "codename": "change_stagedistancespecific"}, "model": "auth.permission", "pk": 149}, {"fields": {"content_type": 50, "name": "Can delete Stage distance (for a race)", "codename": "delete_stagedistancespecific"}, "model": "auth.permission", "pk": 150}, {"fields": {"content_type": 51, "name": "Can add Stage distance (default)", "codename": "add_stagedistancedefault"}, "model": "auth.permission", "pk": 151}, {"fields": {"content_type": 51, "name": "Can change Stage distance (default)", "codename": "change_stagedistancedefault"}, "model": "auth.permission", "pk": 152}, {"fields": {"content_type": 51, "name": "Can delete Stage distance (default)", "codename": "delete_stagedistancedefault"}, "model": "auth.permission", "pk": 153}, {"fields": {"groups": [], "date_joined": "2014-12-16T23:10:15.864Z", "is_active": true, "first_name": "", "last_name": "", "is_staff": true, "username": "mazelx", "password": "pbkdf2_sha256$12000$PC1XgbsVCbjl$9HF7JQBXFtPCa63JCmb5udQy21971PuYdFF5DIAlaM0=", "last_login": "2015-01-13T19:07:40.780Z", "user_permissions": [], "is_superuser": true, "email": "mazelx@gmail.com"}, "model": "auth.user", "pk": 3}, {"fields": {"object_id": "5", "action_time": "2014-12-16T23:10:46.534Z", "content_type": 44, "action_flag": 1, "user": 3, "change_message": "", "object_repr": "Triahtlon des Gorges de l'Ard\u00e8che"}, "model": "admin.logentry", "pk": 30}, {"fields": {"object_id": "8", "action_time": "2014-12-16T23:11:21.279Z", "content_type": 46, "action_flag": 1, "user": 3, "change_message": "", "object_repr": "Bruno Damiens"}, "model": "admin.logentry", "pk": 31}, {"fields": {"object_id": "1", "action_time": "2014-12-16T23:39:13.188Z", "content_type": 42, "action_flag": 1, "user": 3, "change_message": "", "object_repr": "Location object"}, "model": "admin.logentry", "pk": 32}, {"fields": {"object_id": "1", "action_time": "2014-12-16T23:39:19.248Z", "content_type": 49, "action_flag": 1, "user": 3, "change_message": "", "object_repr": "Triahtlon des Gorges de l'Ard\u00e8che - M"}, "model": "admin.logentry", "pk": 33}, {"fields": {"object_id": "1", "action_time": "2014-12-16T23:41:05.399Z", "content_type": 42, "action_flag": 2, "user": 3, "change_message": "Aucun champ modifi\u00e9.", "object_repr": "Saint Martin d'Ard\u00e8che, France"}, "model": "admin.logentry", "pk": 34}, {"fields": {"object_id": "1", "action_time": "2014-12-16T23:41:50.104Z", "content_type": 42, "action_flag": 2, "user": 3, "change_message": "Modifi\u00e9 city et country.", "object_repr": "New York, USA"}, "model": "admin.logentry", "pk": 35}, {"fields": {"object_id": "1", "action_time": "2014-12-16T23:41:59.689Z", "content_type": 42, "action_flag": 2, "user": 3, "change_message": "Modifi\u00e9 city et country.", "object_repr": "Saint Martin d'Ard\u00e8che, France"}, "model": "admin.logentry", "pk": 36}, {"fields": {"object_id": "1", "action_time": "2014-12-16T23:44:54.954Z", "content_type": 42, "action_flag": 2, "user": 3, "change_message": "Modifi\u00e9 city.", "object_repr": "Paris, France"}, "model": "admin.logentry", "pk": 37}, {"fields": {"object_id": "1", "action_time": "2014-12-16T23:45:01.360Z", "content_type": 42, "action_flag": 2, "user": 3, "change_message": "Modifi\u00e9 city.", "object_repr": "Saint Martin d'Ard\u00e8che, France"}, "model": "admin.logentry", "pk": 38}, {"fields": {"object_id": "2", "action_time": "2014-12-16T23:46:21.049Z", "content_type": 42, "action_flag": 1, "user": 3, "change_message": "", "object_repr": ", aaedssd, sdsfdsffsd"}, "model": "admin.logentry", "pk": 39}, {"fields": {"object_id": "2", "action_time": "2014-12-16T23:46:26.409Z", "content_type": 42, "action_flag": 3, "user": 3, "change_message": "", "object_repr": ", aaedssd, sdsfdsffsd"}, "model": "admin.logentry", "pk": 40}, {"fields": {"object_id": "1", "action_time": "2014-12-16T23:52:08.615Z", "content_type": 42, "action_flag": 2, "user": 3, "change_message": "Modifi\u00e9 country.", "object_repr": ", Saint Martin d'Ard\u00e8che, FR"}, "model": "admin.logentry", "pk": 41}, {"fields": {"object_id": "1", "action_time": "2014-12-16T23:52:30.644Z", "content_type": 42, "action_flag": 2, "user": 3, "change_message": "Modifi\u00e9 city.", "object_repr": ", Montpellier, FR"}, "model": "admin.logentry", "pk": 42}, {"fields": {"object_id": "1", "action_time": "2014-12-16T23:52:42.840Z", "content_type": 42, "action_flag": 2, "user": 3, "change_message": "Modifi\u00e9 country.", "object_repr": ", Montpellier, US"}, "model": "admin.logentry", "pk": 43}, {"fields": {"object_id": "1", "action_time": "2014-12-16T23:52:50.427Z", "content_type": 42, "action_flag": 2, "user": 3, "change_message": "Modifi\u00e9 country.", "object_repr": ", Montpellier, FR"}, "model": "admin.logentry", "pk": 44}, {"fields": {"object_id": "1", "action_time": "2014-12-17T00:05:44.183Z", "content_type": 42, "action_flag": 2, "user": 3, "change_message": "Modifi\u00e9 zipcode et city.", "object_repr": ", Saint Martin d'Ard\u00e8che, FR"}, "model": "admin.logentry", "pk": 45}, {"fields": {"object_id": "1", "action_time": "2014-12-17T12:15:07.601Z", "content_type": 42, "action_flag": 2, "user": 3, "change_message": "Aucun champ modifi\u00e9.", "object_repr": ", Saint Martin d'Ard\u00e8che, FR"}, "model": "admin.logentry", "pk": 46}, {"fields": {"object_id": "1", "action_time": "2014-12-17T12:15:13.867Z", "content_type": 42, "action_flag": 2, "user": 3, "change_message": "Modifi\u00e9 city.", "object_repr": ", Le Teil, FR"}, "model": "admin.logentry", "pk": 47}, {"fields": {"object_id": "1", "action_time": "2014-12-17T12:15:22.204Z", "content_type": 42, "action_flag": 2, "user": 3, "change_message": "Modifi\u00e9 city.", "object_repr": ", Saint Martin d'Ard\u00e8che, FR"}, "model": "admin.logentry", "pk": 48}, {"fields": {"object_id": "6", "action_time": "2014-12-17T12:30:28.909Z", "content_type": 44, "action_flag": 1, "user": 3, "change_message": "", "object_repr": "Triathlon du Teil"}, "model": "admin.logentry", "pk": 49}, {"fields": {"object_id": "7", "action_time": "2014-12-17T12:30:38.625Z", "content_type": 44, "action_flag": 1, "user": 3, "change_message": "", "object_repr": "Montpellier Agglo Triathlon"}, "model": "admin.logentry", "pk": 50}, {"fields": {"object_id": "2", "action_time": "2014-12-17T12:34:47.156Z", "content_type": 42, "action_flag": 1, "user": 3, "change_message": "", "object_repr": ", Saint Martin d'Ard\u00e8che, FR"}, "model": "admin.logentry", "pk": 51}, {"fields": {"object_id": "2", "action_time": "2014-12-17T12:34:48.391Z", "content_type": 49, "action_flag": 1, "user": 3, "change_message": "", "object_repr": "Triahtlon des Gorges de l'Ard\u00e8che - S"}, "model": "admin.logentry", "pk": 52}, {"fields": {"object_id": "9", "action_time": "2014-12-17T12:35:12.211Z", "content_type": 46, "action_flag": 1, "user": 3, "change_message": "", "object_repr": "Xavier Mazellier"}, "model": "admin.logentry", "pk": 53}, {"fields": {"object_id": "3", "action_time": "2014-12-17T12:35:21.514Z", "content_type": 42, "action_flag": 1, "user": 3, "change_message": "", "object_repr": ", Le Teil, FR"}, "model": "admin.logentry", "pk": 54}, {"fields": {"object_id": "3", "action_time": "2014-12-17T12:35:22.833Z", "content_type": 49, "action_flag": 1, "user": 3, "change_message": "", "object_repr": "Triathlon du Teil - M"}, "model": "admin.logentry", "pk": 55}, {"fields": {"object_id": "4", "action_time": "2014-12-17T12:35:59.936Z", "content_type": 42, "action_flag": 1, "user": 3, "change_message": "", "object_repr": ", Le Teil, FR"}, "model": "admin.logentry", "pk": 56}, {"fields": {"object_id": "4", "action_time": "2014-12-17T12:36:01.190Z", "content_type": 49, "action_flag": 1, "user": 3, "change_message": "", "object_repr": "Triathlon du Teil - XS"}, "model": "admin.logentry", "pk": 57}, {"fields": {"object_id": "10", "action_time": "2014-12-17T12:36:26.347Z", "content_type": 46, "action_flag": 1, "user": 3, "change_message": "", "object_repr": "Jean Dupont"}, "model": "admin.logentry", "pk": 58}, {"fields": {"object_id": "5", "action_time": "2014-12-17T12:36:35.671Z", "content_type": 42, "action_flag": 1, "user": 3, "change_message": "", "object_repr": ", Montpellier, FR"}, "model": "admin.logentry", "pk": 59}, {"fields": {"object_id": "5", "action_time": "2014-12-17T12:36:36.743Z", "content_type": 49, "action_flag": 1, "user": 3, "change_message": "", "object_repr": "Montpellier Agglo Triathlon - XL"}, "model": "admin.logentry", "pk": 60}, {"fields": {"object_id": "5", "action_time": "2014-12-17T17:02:57.344Z", "content_type": 42, "action_flag": 2, "user": 3, "change_message": "Modifi\u00e9 lng.", "object_repr": "Montpellier Agglo Triathlon - XL:, Montpellier, FR"}, "model": "admin.logentry", "pk": 61}, {"fields": {"object_id": "5", "action_time": "2014-12-17T22:23:54.701Z", "content_type": 42, "action_flag": 2, "user": 3, "change_message": "Aucun champ modifi\u00e9.", "object_repr": "Montpellier Agglo Triathlon - XL:, Montpellier, FR"}, "model": "admin.logentry", "pk": 62}, {"fields": {"object_id": "5", "action_time": "2014-12-17T22:24:02.308Z", "content_type": 42, "action_flag": 2, "user": 3, "change_message": "Aucun champ modifi\u00e9.", "object_repr": "Montpellier Agglo Triathlon - XL:, Montpellier, FR"}, "model": "admin.logentry", "pk": 63}, {"fields": {"object_id": "5", "action_time": "2014-12-17T22:29:16.723Z", "content_type": 42, "action_flag": 2, "user": 3, "change_message": "Aucun champ modifi\u00e9.", "object_repr": "Montpellier Agglo Triathlon - XL:, Montpellier, FR"}, "model": "admin.logentry", "pk": 64}, {"fields": {"object_id": "5", "action_time": "2014-12-17T22:29:22.081Z", "content_type": 42, "action_flag": 2, "user": 3, "change_message": "Aucun champ modifi\u00e9.", "object_repr": "Montpellier Agglo Triathlon - XL:, Montpellier, FR"}, "model": "admin.logentry", "pk": 65}, {"fields": {"object_id": "4", "action_time": "2014-12-17T22:29:24.790Z", "content_type": 42, "action_flag": 2, "user": 3, "change_message": "Aucun champ modifi\u00e9.", "object_repr": "Triathlon du Teil - XS:, Le Teil, FR"}, "model": "admin.logentry", "pk": 66}, {"fields": {"object_id": "3", "action_time": "2014-12-17T22:29:27.640Z", "content_type": 42, "action_flag": 2, "user": 3, "change_message": "Aucun champ modifi\u00e9.", "object_repr": "Triathlon du Teil - M:, Le Teil, FR"}, "model": "admin.logentry", "pk": 67}, {"fields": {"object_id": "2", "action_time": "2014-12-17T22:29:30.015Z", "content_type": 42, "action_flag": 2, "user": 3, "change_message": "Aucun champ modifi\u00e9.", "object_repr": "Triahtlon des Gorges de l'Ard\u00e8che - S:, Saint Martin d'Ard\u00e8che, FR"}, "model": "admin.logentry", "pk": 68}, {"fields": {"object_id": "1", "action_time": "2014-12-17T22:29:32.444Z", "content_type": 42, "action_flag": 2, "user": 3, "change_message": "Aucun champ modifi\u00e9.", "object_repr": "Triahtlon des Gorges de l'Ard\u00e8che - M:, Saint Martin d'Ard\u00e8che, FR"}, "model": "admin.logentry", "pk": 69}, {"fields": {"object_id": "19", "action_time": "2014-12-30T22:17:43.897Z", "content_type": 49, "action_flag": 3, "user": 3, "change_message": "", "object_repr": "Aixtri - L"}, "model": "admin.logentry", "pk": 70}, {"fields": {"object_id": "12", "action_time": "2014-12-30T22:17:43.900Z", "content_type": 49, "action_flag": 3, "user": 3, "change_message": "", "object_repr": "Beaujotri - M"}, "model": "admin.logentry", "pk": 71}, {"fields": {"object_id": "5", "action_time": "2015-01-01T17:34:34.459Z", "content_type": 44, "action_flag": 2, "user": 3, "change_message": "Modifi\u00e9 name.", "object_repr": "Triathlon des Gorges de l'Ard\u00e8che"}, "model": "admin.logentry", "pk": 72}, {"fields": {"object_id": "29", "action_time": "2015-01-06T19:24:44.586Z", "content_type": 44, "action_flag": 1, "user": 3, "change_message": "", "object_repr": "Triathlon des Girondins de Bordeaux"}, "model": "admin.logentry", "pk": 73}, {"fields": {"object_id": "2", "action_time": "2015-01-06T19:25:18.334Z", "content_type": 45, "action_flag": 1, "user": 3, "change_message": "", "object_repr": "FFTri"}, "model": "admin.logentry", "pk": 74}, {"fields": {"object_id": "32", "action_time": "2015-01-06T19:25:35.267Z", "content_type": 46, "action_flag": 1, "user": 3, "change_message": "", "object_repr": "Georges Br\u00e9and"}, "model": "admin.logentry", "pk": 75}, {"fields": {"object_id": "27", "action_time": "2015-01-06T19:25:58.923Z", "content_type": 42, "action_flag": 1, "user": 3, "change_message": "", "object_repr": ", Bordeaux, FR (44.837789, -0.57918)"}, "model": "admin.logentry", "pk": 76}, {"fields": {"object_id": "28", "action_time": "2015-01-06T19:27:11.946Z", "content_type": 42, "action_flag": 1, "user": 3, "change_message": "", "object_repr": ", Bordeaux, FR (44.837789, -0.57918)"}, "model": "admin.logentry", "pk": 77}, {"fields": {"object_id": "24", "action_time": "2015-01-06T19:33:51.914Z", "content_type": 49, "action_flag": 1, "user": 3, "change_message": "", "object_repr": "Triathlon des Girondins de Bordeaux - S"}, "model": "admin.logentry", "pk": 78}, {"fields": {"object_id": "5", "action_time": "2015-01-11T23:06:51.589Z", "content_type": 48, "action_flag": 2, "user": 3, "change_message": "Modifi\u00e9 order.", "object_repr": "Triathlon - S ()"}, "model": "admin.logentry", "pk": 79}, {"fields": {"object_id": "6", "action_time": "2015-01-11T23:06:56.489Z", "content_type": 48, "action_flag": 2, "user": 3, "change_message": "Modifi\u00e9 order.", "object_repr": "Triathlon - M ()"}, "model": "admin.logentry", "pk": 80}, {"fields": {"object_id": "7", "action_time": "2015-01-11T23:07:03.767Z", "content_type": 48, "action_flag": 2, "user": 3, "change_message": "Modifi\u00e9 order.", "object_repr": "Triathlon - L ()"}, "model": "admin.logentry", "pk": 81}, {"fields": {"object_id": "8", "action_time": "2015-01-11T23:07:09.707Z", "content_type": 48, "action_flag": 2, "user": 3, "change_message": "Modifi\u00e9 order.", "object_repr": "Triathlon - XL ()"}, "model": "admin.logentry", "pk": 82}, {"fields": {"object_id": "45", "action_time": "2015-01-11T23:26:42.803Z", "content_type": 42, "action_flag": 2, "user": 3, "change_message": "Modifi\u00e9 zipcode.", "object_repr": ", Bergerac, FR (45.1773949, 0.7256095)"}, "model": "admin.logentry", "pk": 83}, {"fields": {"object_id": "44", "action_time": "2015-01-11T23:27:16.012Z", "content_type": 42, "action_flag": 2, "user": 3, "change_message": "Modifi\u00e9 state.", "object_repr": ", Brest, FR (48.390394, -4.486076)"}, "model": "admin.logentry", "pk": 84}, {"fields": {"object_id": "43", "action_time": "2015-01-11T23:27:23.253Z", "content_type": 42, "action_flag": 2, "user": 3, "change_message": "Modifi\u00e9 zipcode.", "object_repr": "44000, Nantes, FR (47.2185047, -1.5446583)"}, "model": "admin.logentry", "pk": 85}, {"fields": {"object_id": "44", "action_time": "2015-01-11T23:27:28.404Z", "content_type": 42, "action_flag": 2, "user": 3, "change_message": "Modifi\u00e9 zipcode et state.", "object_repr": "29200, Brest, FR (48.390394, -4.486076)"}, "model": "admin.logentry", "pk": 86}, {"fields": {"object_id": "42", "action_time": "2015-01-11T23:27:43.628Z", "content_type": 42, "action_flag": 2, "user": 3, "change_message": "Modifi\u00e9 zipcode.", "object_repr": "68120, Mulhouse, FR (47.78490069999999, 7.2848123)"}, "model": "admin.logentry", "pk": 87}, {"fields": {"object_id": "38", "action_time": "2015-01-11T23:27:50.425Z", "content_type": 42, "action_flag": 2, "user": 3, "change_message": "Modifi\u00e9 zipcode.", "object_repr": "07400, Le Teil, FR (44.5523379, 4.6755323)"}, "model": "admin.logentry", "pk": 88}, {"fields": {"object_id": "37", "action_time": "2015-01-11T23:27:55.602Z", "content_type": 42, "action_flag": 2, "user": 3, "change_message": "Modifi\u00e9 zipcode.", "object_repr": "07400, Le Teil, FR (44.5523379, 4.6755323)"}, "model": "admin.logentry", "pk": 89}, {"fields": {"object_id": "29", "action_time": "2015-01-11T23:29:07.176Z", "content_type": 42, "action_flag": 2, "user": 3, "change_message": "Modifi\u00e9 zipcode.", "object_repr": "07580, Berz\u00e8me, FR (44.651497, 4.565259000000001)"}, "model": "admin.logentry", "pk": 90}, {"fields": {"object_id": "28", "action_time": "2015-01-11T23:29:12.535Z", "content_type": 42, "action_flag": 2, "user": 3, "change_message": "Modifi\u00e9 zipcode.", "object_repr": "33000, Bordeaux, FR (44.8350088, -0.5872689999999999)"}, "model": "admin.logentry", "pk": 91}, {"fields": {"object_id": "27", "action_time": "2015-01-11T23:29:17.940Z", "content_type": 42, "action_flag": 2, "user": 3, "change_message": "Modifi\u00e9 zipcode.", "object_repr": "33000, Bordeaux, FR (44.8350088, -0.5872689999999999)"}, "model": "admin.logentry", "pk": 92}, {"fields": {"object_id": "26", "action_time": "2015-01-11T23:29:32.655Z", "content_type": 42, "action_flag": 2, "user": 3, "change_message": "Modifi\u00e9 zipcode.", "object_repr": "12000, Millau, FR (44.3417778, 2.5845469)"}, "model": "admin.logentry", "pk": 93}, {"fields": {"object_id": "25", "action_time": "2015-01-11T23:29:47.938Z", "content_type": 42, "action_flag": 2, "user": 3, "change_message": "Modifi\u00e9 zipcode.", "object_repr": "07140, Les Vans, FR (44.404688, 4.1319169)"}, "model": "admin.logentry", "pk": 94}, {"fields": {"object_id": "24", "action_time": "2015-01-11T23:30:07.302Z", "content_type": 42, "action_flag": 2, "user": 3, "change_message": "Modifi\u00e9 zipcode.", "object_repr": "13100, Aix-en-Provence, FR (43.5338335, 5.509246999999999)"}, "model": "admin.logentry", "pk": 95}, {"fields": {"object_id": "23", "action_time": "2015-01-11T23:30:13.092Z", "content_type": 42, "action_flag": 2, "user": 3, "change_message": "Modifi\u00e9 zipcode.", "object_repr": "13100, Aix-en-Provence, FR (43.5338335, 5.509246999999999)"}, "model": "admin.logentry", "pk": 96}, {"fields": {"object_id": "22", "action_time": "2015-01-11T23:30:19.025Z", "content_type": 42, "action_flag": 2, "user": 3, "change_message": "Modifi\u00e9 zipcode.", "object_repr": "13100, Aix-en-Provence, FR (43.5338335, 5.509246999999999)"}, "model": "admin.logentry", "pk": 97}, {"fields": {"object_id": "21", "action_time": "2015-01-11T23:30:25.234Z", "content_type": 42, "action_flag": 2, "user": 3, "change_message": "Modifi\u00e9 zipcode.", "object_repr": "13100, Aix-en-Provence, FR (43.5338335, 5.509246999999999)"}, "model": "admin.logentry", "pk": 98}, {"fields": {"object_id": "20", "action_time": "2015-01-11T23:30:38.769Z", "content_type": 42, "action_flag": 2, "user": 3, "change_message": "Modifi\u00e9 zipcode.", "object_repr": "04500, Riez, FR (43.8173869, 6.093344)"}, "model": "admin.logentry", "pk": 99}, {"fields": {"object_id": "19", "action_time": "2015-01-11T23:30:54.564Z", "content_type": 42, "action_flag": 2, "user": 3, "change_message": "Modifi\u00e9 zipcode.", "object_repr": "05200, Embrun, FR (44.564164, 6.495864999999999)"}, "model": "admin.logentry", "pk": 100}, {"fields": {"object_id": "17", "action_time": "2015-01-11T23:31:02.463Z", "content_type": 42, "action_flag": 2, "user": 3, "change_message": "Modifi\u00e9 zipcode.", "object_repr": "75012, Paris, FR (48.8293647, 2.4265406)"}, "model": "admin.logentry", "pk": 101}, {"fields": {"object_id": "18", "action_time": "2015-01-11T23:31:09.403Z", "content_type": 42, "action_flag": 2, "user": 3, "change_message": "Modifi\u00e9 zipcode.", "object_repr": "06000, Nice, FR (43.6960355, 7.265589599999998)"}, "model": "admin.logentry", "pk": 102}, {"fields": {"object_id": "16", "action_time": "2015-01-11T23:31:16.404Z", "content_type": 42, "action_flag": 2, "user": 3, "change_message": "Modifi\u00e9 zipcode.", "object_repr": "75012, Paris, FR (48.8293647, 2.4265406)"}, "model": "admin.logentry", "pk": 103}, {"fields": {"object_id": "15", "action_time": "2015-01-11T23:31:24.223Z", "content_type": 42, "action_flag": 2, "user": 3, "change_message": "Modifi\u00e9 zipcode.", "object_repr": "63000, Clermont-Ferrand, FR (45.771264, 3.1198023)"}, "model": "admin.logentry", "pk": 104}, {"fields": {"object_id": "14", "action_time": "2015-01-11T23:31:37.854Z", "content_type": 42, "action_flag": 2, "user": 3, "change_message": "Modifi\u00e9 zipcode.", "object_repr": "21200, Beaune, FR (47.02603000000001, 4.840004)"}, "model": "admin.logentry", "pk": 105}, {"fields": {"object_id": "13", "action_time": "2015-01-11T23:31:44.147Z", "content_type": 42, "action_flag": 2, "user": 3, "change_message": "Modifi\u00e9 zipcode.", "object_repr": "21200, Beaune, FR (47.02603000000001, 4.840004)"}, "model": "admin.logentry", "pk": 106}, {"fields": {"object_id": "12", "action_time": "2015-01-11T23:31:50.951Z", "content_type": 42, "action_flag": 2, "user": 3, "change_message": "Modifi\u00e9 zipcode.", "object_repr": "69000, Lyon, FR (44.7062815, -0.0662262)"}, "model": "admin.logentry", "pk": 107}, {"fields": {"object_id": "11", "action_time": "2015-01-11T23:31:58.915Z", "content_type": 42, "action_flag": 2, "user": 3, "change_message": "Modifi\u00e9 address1.", "object_repr": ", Lyon, FR (44.7062815, -0.0662262)"}, "model": "admin.logentry", "pk": 108}, {"fields": {"object_id": "11", "action_time": "2015-01-11T23:32:07.053Z", "content_type": 42, "action_flag": 2, "user": 3, "change_message": "Modifi\u00e9 address1 et zipcode.", "object_repr": "69000, Lyon, FR (44.7062815, -0.0662262)"}, "model": "admin.logentry", "pk": 109}, {"fields": {"object_id": "5", "action_time": "2015-01-11T23:32:11.936Z", "content_type": 42, "action_flag": 2, "user": 3, "change_message": "Modifi\u00e9 zipcode.", "object_repr": "34000, Montpellier, FR (43.6047275, 3.9011747)"}, "model": "admin.logentry", "pk": 110}, {"fields": {"object_id": "10", "action_time": "2015-01-11T23:32:16.533Z", "content_type": 42, "action_flag": 2, "user": 3, "change_message": "Modifi\u00e9 zipcode.", "object_repr": "69000, Lyon, FR (44.7062815, -0.0662262)"}, "model": "admin.logentry", "pk": 111}, {"fields": {"object_id": "9", "action_time": "2015-01-11T23:32:21.553Z", "content_type": 42, "action_flag": 2, "user": 3, "change_message": "Modifi\u00e9 zipcode.", "object_repr": "26000, Mont\u00e9limar, FR (45.8278277, 4.197108)"}, "model": "admin.logentry", "pk": 112}, {"fields": {"object_id": "9", "action_time": "2015-01-11T23:32:26.151Z", "content_type": 42, "action_flag": 2, "user": 3, "change_message": "Modifi\u00e9 zipcode.", "object_repr": "26200, Mont\u00e9limar, FR (44.556944, 4.749496)"}, "model": "admin.logentry", "pk": 113}, {"fields": {"object_id": "8", "action_time": "2015-01-11T23:32:31.537Z", "content_type": 42, "action_flag": 2, "user": 3, "change_message": "Modifi\u00e9 zipcode.", "object_repr": "26200, Mont\u00e9limar, FR (44.556944, 4.749496)"}, "model": "admin.logentry", "pk": 114}, {"fields": {"object_id": "7", "action_time": "2015-01-11T23:32:36.133Z", "content_type": 42, "action_flag": 2, "user": 3, "change_message": "Modifi\u00e9 zipcode.", "object_repr": "26200, Mont\u00e9limar, FR (44.556944, 4.749496)"}, "model": "admin.logentry", "pk": 115}, {"fields": {"object_id": "6", "action_time": "2015-01-11T23:32:41.212Z", "content_type": 42, "action_flag": 2, "user": 3, "change_message": "Modifi\u00e9 zipcode.", "object_repr": "26200, Mont\u00e9limar, FR (44.556944, 4.749496)"}, "model": "admin.logentry", "pk": 116}, {"fields": {"object_id": "4", "action_time": "2015-01-11T23:33:07.119Z", "content_type": 42, "action_flag": 2, "user": 3, "change_message": "Modifi\u00e9 zipcode.", "object_repr": "07400, Le Teil, FR (44.55061, 4.683794)"}, "model": "admin.logentry", "pk": 117}, {"fields": {"object_id": "3", "action_time": "2015-01-11T23:33:12.487Z", "content_type": 42, "action_flag": 2, "user": 3, "change_message": "Modifi\u00e9 zipcode.", "object_repr": "07400, Le Teil, FR (44.55061, 4.683794)"}, "model": "admin.logentry", "pk": 118}, {"fields": {"object_id": "2", "action_time": "2015-01-11T23:33:31.901Z", "content_type": 42, "action_flag": 2, "user": 3, "change_message": "Modifi\u00e9 zipcode.", "object_repr": "0770, Saint Martin d'Ard\u00e8che, FR (44.301683, 4.565656199999999)"}, "model": "admin.logentry", "pk": 119}, {"fields": {"object_id": "2", "action_time": "2015-01-11T23:33:35.862Z", "content_type": 42, "action_flag": 2, "user": 3, "change_message": "Modifi\u00e9 zipcode.", "object_repr": "07700, Saint Martin d'Ard\u00e8che, FR (44.302341, 4.566242)"}, "model": "admin.logentry", "pk": 120}, {"fields": {"object_id": "15", "action_time": "2015-01-12T13:59:14.787Z", "content_type": 49, "action_flag": 2, "user": 3, "change_message": "Modifi\u00e9 event.", "object_repr": "TriParis - S"}, "model": "admin.logentry", "pk": 121}, {"fields": {"object_id": "19", "action_time": "2015-01-12T13:59:40.618Z", "content_type": 44, "action_flag": 3, "user": 3, "change_message": "", "object_repr": "TriParis"}, "model": "admin.logentry", "pk": 122}, {"fields": {"object_id": "39", "action_time": "2015-01-12T14:29:27.881Z", "content_type": 44, "action_flag": 3, "user": 3, "change_message": "", "object_repr": "wizzz"}, "model": "admin.logentry", "pk": 123}, {"fields": {"object_id": "38", "action_time": "2015-01-12T14:29:27.884Z", "content_type": 44, "action_flag": 3, "user": 3, "change_message": "", "object_repr": "wizzz"}, "model": "admin.logentry", "pk": 124}, {"fields": {"object_id": "43", "action_time": "2015-01-12T14:30:32.627Z", "content_type": 44, "action_flag": 3, "user": 3, "change_message": "", "object_repr": "Triatlon de mes fesses"}, "model": "admin.logentry", "pk": 125}, {"fields": {"object_id": "42", "action_time": "2015-01-12T14:30:32.629Z", "content_type": 44, "action_flag": 3, "user": 3, "change_message": "", "object_repr": "Triatlon de mes fesses"}, "model": "admin.logentry", "pk": 126}, {"fields": {"object_id": "41", "action_time": "2015-01-12T14:30:32.630Z", "content_type": 44, "action_flag": 3, "user": 3, "change_message": "", "object_repr": "Triatlon de mes fesses"}, "model": "admin.logentry", "pk": 127}, {"fields": {"object_id": "40", "action_time": "2015-01-12T14:30:32.632Z", "content_type": 44, "action_flag": 3, "user": 3, "change_message": "", "object_repr": "Triatlon de mes fesses"}, "model": "admin.logentry", "pk": 128}, {"fields": {"object_id": "37", "action_time": "2015-01-12T14:30:32.633Z", "content_type": 44, "action_flag": 3, "user": 3, "change_message": "", "object_repr": "Cabu"}, "model": "admin.logentry", "pk": 129}, {"fields": {"object_id": "36", "action_time": "2015-01-12T14:30:32.634Z", "content_type": 44, "action_flag": 3, "user": 3, "change_message": "", "object_repr": "TEST form"}, "model": "admin.logentry", "pk": 130}, {"fields": {"object_id": "35", "action_time": "2015-01-12T14:30:32.635Z", "content_type": 44, "action_flag": 3, "user": 3, "change_message": "", "object_repr": "Triatlon de la Sabli\u00e8re TER"}, "model": "admin.logentry", "pk": 131}, {"fields": {"object_id": "34", "action_time": "2015-01-12T14:30:32.637Z", "content_type": 44, "action_flag": 3, "user": 3, "change_message": "", "object_repr": "Triatlon de la Sabli\u00e8re TESTBIS"}, "model": "admin.logentry", "pk": 132}, {"fields": {"object_id": "33", "action_time": "2015-01-12T14:30:32.638Z", "content_type": 44, "action_flag": 3, "user": 3, "change_message": "", "object_repr": "Triatlon de la Sabli\u00e8re TEST"}, "model": "admin.logentry", "pk": 133}, {"fields": {"object_id": "32", "action_time": "2015-01-12T14:30:32.640Z", "content_type": 44, "action_flag": 3, "user": 3, "change_message": "", "object_repr": "Triatlon de la Sabli\u00e8re TEST"}, "model": "admin.logentry", "pk": 134}, {"fields": {"object_id": "31", "action_time": "2015-01-12T14:30:32.642Z", "content_type": 44, "action_flag": 3, "user": 3, "change_message": "", "object_repr": "Triatlon de la Sabli\u00e8re TEST"}, "model": "admin.logentry", "pk": 135}, {"fields": {"object_id": "30", "action_time": "2015-01-12T14:30:32.643Z", "content_type": 44, "action_flag": 3, "user": 3, "change_message": "", "object_repr": "Triatlon de la Sabli\u00e8re TEST"}, "model": "admin.logentry", "pk": 136}, {"fields": {"object_id": "46", "action_time": "2015-01-12T14:30:42.435Z", "content_type": 44, "action_flag": 3, "user": 3, "change_message": "", "object_repr": "Animatri"}, "model": "admin.logentry", "pk": 137}, {"fields": {"object_id": "20", "action_time": "2015-01-12T14:31:08.607Z", "content_type": 49, "action_flag": 2, "user": 3, "change_message": "Modifi\u00e9 event.", "object_repr": "Aixtri - L"}, "model": "admin.logentry", "pk": 138}, {"fields": {"object_id": "21", "action_time": "2015-01-12T14:31:27.411Z", "content_type": 49, "action_flag": 2, "user": 3, "change_message": "Modifi\u00e9 event.", "object_repr": "Aixtri - M"}, "model": "admin.logentry", "pk": 139}, {"fields": {"object_id": "25", "action_time": "2015-01-12T14:31:39.421Z", "content_type": 44, "action_flag": 3, "user": 3, "change_message": "", "object_repr": "Aixtri"}, "model": "admin.logentry", "pk": 140}, {"fields": {"object_id": "24", "action_time": "2015-01-12T14:31:42.466Z", "content_type": 44, "action_flag": 3, "user": 3, "change_message": "", "object_repr": "Aixtri"}, "model": "admin.logentry", "pk": 141}, {"fields": {"object_id": "23", "action_time": "2015-01-12T14:31:44.949Z", "content_type": 44, "action_flag": 3, "user": 3, "change_message": "", "object_repr": "Aixtri"}, "model": "admin.logentry", "pk": 142}, {"fields": {"object_id": "26", "action_time": "2015-01-12T14:31:49.786Z", "content_type": 44, "action_flag": 3, "user": 3, "change_message": "", "object_repr": "Aixtri"}, "model": "admin.logentry", "pk": 143}, {"fields": {"object_id": "16", "action_time": "2015-01-12T14:31:55.044Z", "content_type": 44, "action_flag": 3, "user": 3, "change_message": "", "object_repr": "Beaujotri"}, "model": "admin.logentry", "pk": 144}, {"fields": {"object_id": "7", "action_time": "2015-01-12T14:32:19.109Z", "content_type": 49, "action_flag": 2, "user": 3, "change_message": "Modifi\u00e9 event.", "object_repr": "Triathlon de Mont\u00e9limar - S"}, "model": "admin.logentry", "pk": 145}, {"fields": {"object_id": "9", "action_time": "2015-01-12T14:32:31.425Z", "content_type": 49, "action_flag": 2, "user": 3, "change_message": "Modifi\u00e9 event.", "object_repr": "Tri des Gones - M"}, "model": "admin.logentry", "pk": 146}, {"fields": {"object_id": "10", "action_time": "2015-01-12T14:32:38.341Z", "content_type": 49, "action_flag": 2, "user": 3, "change_message": "Modifi\u00e9 event.", "object_repr": "Tri des Gones - L"}, "model": "admin.logentry", "pk": 147}, {"fields": {"object_id": "13", "action_time": "2015-01-12T14:33:00.376Z", "content_type": 44, "action_flag": 3, "user": 3, "change_message": "", "object_repr": "Tri des Gones"}, "model": "admin.logentry", "pk": 148}, {"fields": {"object_id": "14", "action_time": "2015-01-12T14:33:07.480Z", "content_type": 44, "action_flag": 3, "user": 3, "change_message": "", "object_repr": "Tri des Gones"}, "model": "admin.logentry", "pk": 149}, {"fields": {"object_id": "11", "action_time": "2015-01-12T14:33:10.879Z", "content_type": 44, "action_flag": 3, "user": 3, "change_message": "", "object_repr": "Triathlon de Mont\u00e9limar"}, "model": "admin.logentry", "pk": 150}, {"fields": {"object_id": "9", "action_time": "2015-01-12T14:33:13.717Z", "content_type": 44, "action_flag": 3, "user": 3, "change_message": "", "object_repr": "Triathlon de Mont\u00e9limar"}, "model": "admin.logentry", "pk": 151}, {"fields": {"object_id": "8", "action_time": "2015-01-12T14:33:20.997Z", "content_type": 44, "action_flag": 3, "user": 3, "change_message": "", "object_repr": "Triathlon de Mont\u00e9limar"}, "model": "admin.logentry", "pk": 152}, {"fields": {"object_id": "46", "action_time": "2015-01-12T16:11:15.774Z", "content_type": 42, "action_flag": 1, "user": 3, "change_message": "", "object_repr": ", Lyon, FR (45.764043, 4.835659)"}, "model": "admin.logentry", "pk": 153}, {"fields": {"object_id": "9", "action_time": "2015-01-12T16:11:19.617Z", "content_type": 49, "action_flag": 2, "user": 3, "change_message": "Modifi\u00e9 location.", "object_repr": "Tri des Gones - M"}, "model": "admin.logentry", "pk": 154}, {"fields": {"object_id": "46", "action_time": "2015-01-12T16:12:51.036Z", "content_type": 42, "action_flag": 2, "user": 3, "change_message": "Modifi\u00e9 state.", "object_repr": ", Lyon, FR (44.7062815, -0.0662262)"}, "model": "admin.logentry", "pk": 155}, {"fields": {"object_id": "46", "action_time": "2015-01-12T16:13:01.063Z", "content_type": 42, "action_flag": 2, "user": 3, "change_message": "Modifi\u00e9 zipcode et state.", "object_repr": "69000, Lyon, FR (44.7062815, -0.0662262)"}, "model": "admin.logentry", "pk": 156}, {"fields": {"object_id": "17", "action_time": "2015-01-12T16:13:10.688Z", "content_type": 42, "action_flag": 2, "user": 3, "change_message": "Aucun champ modifi\u00e9.", "object_repr": "75012, Paris, FR (48.8293647, 2.4265406)"}, "model": "admin.logentry", "pk": 157}, {"fields": {"object_id": "16", "action_time": "2015-01-12T16:13:20.003Z", "content_type": 42, "action_flag": 2, "user": 3, "change_message": "Aucun champ modifi\u00e9.", "object_repr": "75012, Paris, FR (48.8293647, 2.4265406)"}, "model": "admin.logentry", "pk": 158}, {"fields": {"object_id": "12", "action_time": "2015-01-12T16:13:30.670Z", "content_type": 42, "action_flag": 2, "user": 3, "change_message": "Aucun champ modifi\u00e9.", "object_repr": "69000, Lyon, FR (44.7062815, -0.0662262)"}, "model": "admin.logentry", "pk": 159}, {"fields": {"object_id": "12", "action_time": "2015-01-12T16:16:06.626Z", "content_type": 42, "action_flag": 2, "user": 3, "change_message": "Modifi\u00e9 lat et lng.", "object_repr": "69000, Lyon, FR (44.7062815, -0.0662262)"}, "model": "admin.logentry", "pk": 160}, {"fields": {"object_id": "12", "action_time": "2015-01-12T16:16:39.153Z", "content_type": 42, "action_flag": 2, "user": 3, "change_message": "Modifi\u00e9 lat et lng.", "object_repr": "69000, Lyon, FR (44.7062815, -0.0662262)"}, "model": "admin.logentry", "pk": 161}]